id,firstName,lastName,email,gender,ipAddress
1,Harlan,Van de Castele,hvandecastele0@about.me,Male,76.173.63.104
2,Farra,Daughtrey,fdaughtrey1@paypal.com,Female,37.67.172.107
3,Gustav,Fredson,gfredson2@aol.com,Male,175.142.120.37
4,Coral,Hulk,chulk3@hhs.gov,Female,104.17.108.187
5,Dru,Renwick,drenwick4@wordpress.com,Polygender,241.224.222.27
6,Bernardine,Clem,bclem5@skype.com,Female,92.91.186.221
7,Loralyn,Tosdevin,ltosdevin6@ucsd.edu,Female,63.254.249.37
8,Toby,Pelerin,tpelerin7@huffingtonpost.com,Male,8.67.114.66
9,Amargo,Wolvey,awolvey8@google.es,Female,175.254.187.148
10,Roderigo,Jellings,rjellings9@goodreads.com,Polygender,201.157.42.250
11,Gardy,Asp,gaspa@zdnet.com,Male,113.230.28.163
12,Marmaduke,Greatorex,mgreatorexb@youtu.be,Male,25.75.139.139
13,Adore,Ginnelly,aginnellyc@free.fr,Female,216.17.139.245
14,Geralda,Allabush,gallabushd@spotify.com,Female,53.124.100.119
15,Pier,Abercromby,pabercrombye@hud.gov,Female,50.81.12.98
16,Geordie,Vahey,gvaheyf@nytimes.com,Male,227.208.51.247
17,Whitney,Pithcock,wpithcockg@mayoclinic.com,Female,36.252.11.51
18,Aluin,Iacopetti,aiacopettih@samsung.com,Genderfluid,194.151.110.101
19,Oralia,MacWhan,omacwhani@gmpg.org,Female,177.221.200.163
20,Ashlin,Grzelak,agrzelakj@chicagotribune.com,Male,18.99.26.16
21,Cosette,Houlston,choulstonk@redcross.org,Female,73.251.142.120
22,Bryant,Glyde,bglydel@mapquest.com,Male,127.77.201.16
23,Grady,Baudin,gbaudinm@eventbrite.com,Male,24.134.144.169
24,Maison,Clifford,mcliffordn@unc.edu,Male,169.185.250.88
25,Melisse,Zavattero,mzavatteroo@tripadvisor.com,Bigender,237.171.9.17
26,Andy,Dionsetto,adionsettop@wunderground.com,Male,237.103.174.102
27,Gerda,Batisse,gbatisseq@timesonline.co.uk,Female,228.171.39.214
28,Benedicto,Leyfield,bleyfieldr@dagondesign.com,Non-binary,28.15.178.143
29,Gifford,Spreag,gspreags@pcworld.com,Male,253.200.5.135
30,Herschel,Scotting,hscottingt@studiopress.com,Male,161.243.38.46
31,Emmet,Dobney,edobneyu@hhs.gov,Male,27.77.213.113
32,Gunter,Peotz,gpeotzv@smugmug.com,Male,112.119.73.10
33,Ginnie,Squeers,gsqueersw@pinterest.com,Female,11.46.4.151
34,Zorina,Cham,zchamx@angelfire.com,Female,103.120.194.163
35,Zoe,Wharin,zwhariny@accuweather.com,Female,162.5.129.16
36,Mersey,Tesh,mteshz@mediafire.com,Female,162.135.177.167
37,David,Fermoy,dfermoy10@smh.com.au,Bigender,244.203.255.210
38,Kathleen,Bellamy,kbellamy11@zimbio.com,Female,156.131.233.165
39,Sawyer,Cancellieri,scancellieri12@cafepress.com,Polygender,239.69.232.146
40,Rose,Dykins,rdykins13@weibo.com,Female,35.253.88.13
41,Ester,Showering,eshowering14@printfriendly.com,Female,162.126.160.22
42,Jeanna,Ellacombe,jellacombe15@deliciousdays.com,Female,139.54.117.226
43,Ernesta,Espinet,eespinet16@icq.com,Female,146.195.199.52
44,Nikolaus,Lawlie,nlawlie17@youtu.be,Male,7.174.106.49
45,Ivett,Budnk,ibudnk18@google.co.jp,Female,21.139.255.216
46,Eustace,Houseley,ehouseley19@nsw.gov.au,Male,172.98.5.101
47,Fern,Aves,faves1a@trellian.com,Female,156.56.230.180
48,Joice,McRonald,jmcronald1b@sun.com,Female,25.1.137.8
49,Gauthier,Riddick,griddick1c@etsy.com,Male,158.151.93.169
50,Bonnee,Cultcheth,bcultcheth1d@stumbleupon.com,Female,63.250.71.235
51,Rooney,Brunotti,rbrunotti1e@wordpress.com,Male,179.183.196.68
52,Mateo,Treadgold,mtreadgold1f@nps.gov,Bigender,224.131.100.171
53,Alexis,Sloam,asloam1g@1688.com,Male,116.219.9.65
54,Theodoric,Crewdson,tcrewdson1h@drupal.org,Male,143.93.40.191
55,Silvester,Durkin,sdurkin1i@elpais.com,Male,198.27.144.51
56,Ira,Gaspero,igaspero1j@sciencedirect.com,Female,219.198.42.219
57,Tanya,Paragreen,tparagreen1k@so-net.ne.jp,Polygender,109.67.92.255
58,Thoma,Pirson,tpirson1l@dion.ne.jp,Male,179.10.121.186
59,Joaquin,Jessopp,jjessopp1m@blogger.com,Bigender,234.250.165.171
60,Modesta,Dale,mdale1n@dropbox.com,Female,123.218.75.187
61,Leonora,Patzelt,lpatzelt1o@vimeo.com,Female,76.96.181.132
62,Rockey,Imlach,rimlach1p@histats.com,Male,213.73.239.12
63,Manda,Manuel,mmanuel1q@dailymotion.com,Female,175.193.5.226
64,Cirillo,Matresse,cmatresse1r@soup.io,Agender,226.62.71.59
65,Jeanne,Mathiassen,jmathiassen1s@newyorker.com,Female,138.147.192.135
66,Lyle,Lackinton,llackinton1t@yale.edu,Non-binary,223.200.4.44
67,Glynn,Atherley,gatherley1u@blogspot.com,Male,87.98.181.18
68,Iolanthe,Quinnette,iquinnette1v@photobucket.com,Female,55.100.228.147
69,Evyn,Cromett,ecromett1w@lulu.com,Male,168.175.77.101
70,Marrilee,Heynel,mheynel1x@eepurl.com,Female,0.228.144.236
71,Artemis,Coyish,acoyish1y@about.me,Male,42.37.132.136
72,Alano,Lafflin,alafflin1z@opensource.org,Male,4.167.178.11
73,Elsworth,Gentile,egentile20@fastcompany.com,Male,117.108.251.113
74,Nicola,Guswell,nguswell21@mtv.com,Female,12.227.98.222
75,Devonna,Trundler,dtrundler22@blogs.com,Female,163.29.232.154
76,Dre,Birchall,dbirchall23@live.com,Female,156.209.165.18
77,Virginie,Clapison,vclapison24@smugmug.com,Female,80.101.27.130
78,Torrin,Llorens,tllorens25@accuweather.com,Male,51.121.205.196
79,Ernesto,Chetham,echetham26@hatena.ne.jp,Male,7.38.168.69
80,Leonelle,Batter,lbatter27@fc2.com,Non-binary,107.137.99.53
81,Frans,Jozsika,fjozsika28@tuttocitta.it,Male,180.61.114.118
82,Jeffrey,Kinnar,jkinnar29@msu.edu,Male,87.15.88.252
83,Zebedee,Perrelli,zperrelli2a@netlog.com,Male,90.159.39.185
84,Olav,Ovey,oovey2b@businessweek.com,Male,9.58.131.198
85,Tobe,Calvie,tcalvie2c@multiply.com,Male,119.29.138.143
86,Shana,Laxtonne,slaxtonne2d@163.com,Female,245.8.82.235
87,Ansell,Raysdale,araysdale2e@google.nl,Male,38.53.87.138
88,Elwin,Cheverell,echeverell2f@who.int,Male,52.194.242.46
89,Isadore,Gamon,igamon2g@globo.com,Male,155.105.177.20
90,Venita,Frankish,vfrankish2h@issuu.com,Female,211.133.59.236
91,Sharon,Puckring,spuckring2i@pen.io,Bigender,109.221.143.126
92,Nelson,Pennetti,npennetti2j@toplist.cz,Male,227.72.107.141
93,Sebastien,Rodenhurst,srodenhurst2k@usa.gov,Male,68.40.103.252
94,Bridie,Chestney,bchestney2l@ask.com,Female,228.187.155.173
95,Almire,Simpole,asimpole2m@cafepress.com,Female,187.211.171.39
96,Tailor,Woolfoot,twoolfoot2n@people.com.cn,Male,68.133.92.169
97,Kaycee,McGarel,kmcgarel2o@discuz.net,Female,188.160.67.212
98,Otho,Petley,opetley2p@webmd.com,Male,225.210.184.191
99,Alexandr,Stork,astork2q@reddit.com,Male,29.26.247.75
100,Neddy,Bick,nbick2r@deviantart.com,Male,149.121.27.160
101,Berton,Baudou,bbaudou2s@youtu.be,Male,117.62.104.124
102,Hasty,Fairpool,hfairpool2t@uol.com.br,Male,76.174.134.34
103,Jerrine,Shee,jshee2u@jimdo.com,Female,55.179.116.89
104,Teressa,Boltwood,tboltwood2v@gravatar.com,Female,143.63.57.111
105,Allister,Greschik,agreschik2w@oaic.gov.au,Genderfluid,106.89.100.208
106,Rog,Purveys,rpurveys2x@macromedia.com,Male,221.170.58.19
107,Shaylyn,Caddell,scaddell2y@google.ru,Female,246.139.77.4
108,Peta,Mouatt,pmouatt2z@i2i.jp,Female,38.239.114.220
109,Dru,Usherwood,dusherwood30@un.org,Female,177.152.214.84
110,Ninnetta,Cancellieri,ncancellieri31@zimbio.com,Female,113.150.57.143
111,Fonsie,Curtain,fcurtain32@altervista.org,Male,16.138.69.167
112,Christie,Commucci,ccommucci33@home.pl,Male,198.160.192.37
113,Lancelot,Trevino,ltrevino34@pcworld.com,Agender,126.96.246.41
114,Seth,Ferrige,sferrige35@umich.edu,Male,71.11.143.51
115,Annie,McGuff,amcguff36@addtoany.com,Female,163.161.198.98
116,Ruddy,Ellwell,rellwell37@mediafire.com,Male,161.27.148.192
117,Gwyn,Hayle,ghayle38@sogou.com,Female,107.91.91.254
118,Miguel,Bunny,mbunny39@geocities.com,Male,190.96.5.251
119,Alric,Thrussell,athrussell3a@bizjournals.com,Bigender,35.15.147.123
120,Spencer,Fortune,sfortune3b@addtoany.com,Male,204.223.48.214
121,Lou,Dashkov,ldashkov3c@smh.com.au,Male,77.145.187.105
122,Nerte,Orgill,norgill3d@privacy.gov.au,Female,30.150.158.155
123,Johny,Aggio,jaggio3e@creativecommons.org,Male,103.69.111.28
124,Darsey,Fransoni,dfransoni3f@oracle.com,Female,110.132.230.215
125,Dannel,Dargue,ddargue3g@narod.ru,Male,211.150.40.149
126,Shandra,Lemmer,slemmer3h@vimeo.com,Female,226.54.222.231
127,Addison,Bargery,abargery3i@prnewswire.com,Male,17.220.89.3
128,Gusta,Gow,ggow3j@fda.gov,Female,30.250.41.210
129,Camey,Slot,cslot3k@netvibes.com,Male,216.60.215.207
130,Thayne,Gookes,tgookes3l@taobao.com,Male,171.89.166.237
131,Anthiathia,McKnockiter,amcknockiter3m@accuweather.com,Agender,237.8.114.25
132,Adriena,Josephoff,ajosephoff3n@bing.com,Female,199.46.113.202
133,Stafani,Thurlow,sthurlow3o@weebly.com,Female,159.165.212.52
134,Libbey,Aireton,laireton3p@chron.com,Non-binary,146.70.176.132
135,Ado,Yaakov,ayaakov3q@jugem.jp,Male,185.38.159.233
136,Eugenia,Goodie,egoodie3r@tiny.cc,Female,59.83.94.69
137,Riannon,Goering,rgoering3s@privacy.gov.au,Female,100.216.133.59
138,Godfry,Helks,ghelks3t@ovh.net,Male,197.91.186.210
139,Tobie,Blakeden,tblakeden3u@friendfeed.com,Male,83.22.181.163
140,Pieter,McIlwreath,pmcilwreath3v@hud.gov,Bigender,30.237.162.190
141,Aurel,Thurborn,athurborn3w@nifty.com,Female,0.118.158.150
142,Edita,Brambley,ebrambley3x@dmoz.org,Polygender,61.38.74.125
143,Torey,Flury,tflury3y@narod.ru,Male,10.155.98.27
144,Regan,Leehane,rleehane3z@statcounter.com,Male,227.220.204.205
145,Osmund,Gilardi,ogilardi40@blogspot.com,Male,35.33.150.158
146,Anna-maria,Pitcaithley,apitcaithley41@addthis.com,Female,13.179.111.25
147,Tabb,Butting,tbutting42@dagondesign.com,Male,240.137.21.163
148,Cammie,Berzins,cberzins43@alexa.com,Genderqueer,204.207.223.24
149,Angie,Axworthy,aaxworthy44@unicef.org,Female,170.93.4.89
150,Melvin,Felton,mfelton45@netlog.com,Male,16.175.9.213
151,Irene,Stanex,istanex46@mozilla.com,Female,161.202.102.42
152,Trace,Trillo,ttrillo47@indiatimes.com,Male,71.127.127.80
153,Harriette,Barford,hbarford48@amazon.de,Female,83.176.69.117
154,Odey,Orniz,oorniz49@4shared.com,Male,63.83.151.221
155,Hewett,MacKenny,hmackenny4a@dion.ne.jp,Male,52.31.146.237
156,Wrennie,Caldow,wcaldow4b@scribd.com,Female,139.133.170.182
157,Margarete,Palister,mpalister4c@state.tx.us,Female,187.234.179.224
158,Emmit,Lawrence,elawrence4d@dailymotion.com,Male,66.169.251.215
159,Lanna,Darte,ldarte4e@opensource.org,Female,13.16.50.248
160,Xenos,Sprankling,xsprankling4f@seesaa.net,Male,186.170.210.176
161,Geoff,Houselee,ghouselee4g@bigcartel.com,Male,6.58.38.150
162,Colin,Consadine,cconsadine4h@zimbio.com,Male,127.206.138.55
163,Abbi,Musso,amusso4i@macromedia.com,Female,226.232.37.173
164,Sada,McGilleghole,smcgilleghole4j@buzzfeed.com,Non-binary,166.57.47.145
165,Gunar,Buckles,gbuckles4k@ow.ly,Male,185.19.232.2
166,Drucie,Carlone,dcarlone4l@forbes.com,Female,0.114.222.10
167,Garrett,Giffen,ggiffen4m@webnode.com,Male,16.241.211.183
168,Elli,Davidove,edavidove4n@dion.ne.jp,Female,115.186.190.96
169,Ginevra,Papworth,gpapworth4o@soup.io,Female,226.167.162.249
170,Quintin,Preator,qpreator4p@google.de,Male,16.100.168.189
171,Huntlee,Runciman,hrunciman4q@vistaprint.com,Genderfluid,118.89.237.108
172,Mylo,Ryal,mryal4r@quantcast.com,Male,30.81.220.176
173,Fabian,Cretney,fcretney4s@samsung.com,Male,181.157.233.49
174,Winna,Eglinton,weglinton4t@phpbb.com,Female,106.181.110.141
175,Carena,Brigginshaw,cbrigginshaw4u@wix.com,Female,171.205.5.171
176,Isidore,Golt,igolt4v@walmart.com,Male,222.99.75.107
177,Susannah,Grisedale,sgrisedale4w@cmu.edu,Female,247.84.78.181
178,Wilburt,Nesfield,wnesfield4x@java.com,Male,198.30.179.250
179,Allene,Camings,acamings4y@shareasale.com,Female,214.68.175.11
180,Mendie,Singers,msingers4z@nifty.com,Male,129.169.91.142
181,Othello,Jime,ojime50@tinypic.com,Male,180.250.36.213
182,Gerrard,Crookes,gcrookes51@ca.gov,Male,255.169.141.20
183,Shelton,Carslaw,scarslaw52@google.ru,Male,237.211.28.255
184,Morty,Ormistone,mormistone53@cnbc.com,Male,9.223.23.212
185,Jaquenetta,Mallaby,jmallaby54@google.it,Female,184.105.119.48
186,Afton,Ambrosoni,aambrosoni55@fc2.com,Bigender,245.19.132.141
187,Hogan,Hanny,hhanny56@dailymotion.com,Male,124.189.56.11
188,Sibyl,Ilyunin,silyunin57@elegantthemes.com,Male,11.135.248.120
189,Merrilee,Mitkcov,mmitkcov58@mac.com,Female,197.101.152.231
190,Mirna,Toun,mtoun59@biglobe.ne.jp,Female,70.3.228.52
191,Scottie,Bon,sbon5a@51.la,Male,116.229.153.199
192,Leighton,Scotchbrook,lscotchbrook5b@fema.gov,Male,205.141.139.226
193,Leilah,O' Quirk,loquirk5c@mac.com,Female,161.67.24.57
194,Cicily,Avory,cavory5d@wordpress.org,Female,28.129.38.125
195,Martie,Fearnley,mfearnley5e@diigo.com,Male,75.131.225.134
196,Giselbert,Borsay,gborsay5f@about.me,Male,175.221.6.9
197,Charley,Rasmus,crasmus5g@paypal.com,Male,1.217.190.42
198,Franny,Harcarse,fharcarse5h@sina.com.cn,Female,45.40.20.56
199,Datha,Gallihaulk,dgallihaulk5i@princeton.edu,Non-binary,54.217.196.210
200,Jenine,Habert,jhabert5j@cbsnews.com,Female,81.65.24.23
201,Manny,Hanshaw,mhanshaw5k@people.com.cn,Male,189.111.203.245
202,Gweneth,Horry,ghorry5l@domainmarket.com,Female,235.60.63.36
203,Devonne,Andrich,dandrich5m@adobe.com,Female,119.178.137.52
204,Hakeem,Boman,hboman5n@bbb.org,Male,195.187.33.77
205,Jerri,Sarson,jsarson5o@g.co,Male,175.101.234.196
206,Cherrita,Corbert,ccorbert5p@opera.com,Female,239.165.151.130
207,Schuyler,Keating,skeating5q@desdev.cn,Male,255.201.40.47
208,Nikkie,Tudgay,ntudgay5r@symantec.com,Female,246.235.44.248
209,Gonzales,Farnin,gfarnin5s@amazon.co.uk,Male,101.14.133.19
210,Beau,Cornwall,bcornwall5t@hp.com,Male,159.68.35.10
211,Frans,McNish,fmcnish5u@taobao.com,Male,111.111.55.42
212,Hermy,Bedell,hbedell5v@list-manage.com,Male,57.21.167.173
213,Berkly,Rein,brein5w@goodreads.com,Male,246.31.235.100
214,Stafani,Filinkov,sfilinkov5x@fema.gov,Female,100.42.63.158
215,Jillie,Bertelet,jbertelet5y@nhs.uk,Bigender,144.53.218.245
216,Rhianon,Arter,rarter5z@thetimes.co.uk,Female,141.154.38.170
217,Patty,Keijser,pkeijser60@w3.org,Female,209.52.105.88
218,Harrietta,Southwell,hsouthwell61@prnewswire.com,Female,85.212.121.2
219,Jourdan,Haws,jhaws62@bbc.co.uk,Female,187.213.5.223
220,Samaria,Ivanichev,sivanichev63@amazon.co.jp,Female,233.208.56.109
221,Addi,Ahmad,aahmad64@hostgator.com,Female,29.4.28.38
222,Paule,Leadbetter,pleadbetter65@thetimes.co.uk,Female,190.106.187.67
223,Nollie,Pauley,npauley66@cbslocal.com,Male,85.33.104.172
224,Pavel,Realff,prealff67@jigsy.com,Agender,5.5.51.157
225,Bent,Chapelhow,bchapelhow68@issuu.com,Male,32.28.22.124
226,Codee,Trenaman,ctrenaman69@netvibes.com,Female,132.0.10.140
227,Ogdon,Haughton,ohaughton6a@fc2.com,Male,149.152.226.211
228,Karlee,Burditt,kburditt6b@livejournal.com,Female,86.24.15.103
229,Ingelbert,Petrie,ipetrie6c@rediff.com,Male,194.228.50.77
230,Alex,Tunney,atunney6d@sakura.ne.jp,Polygender,185.3.185.222
231,Obidiah,Wilder,owilder6e@indiatimes.com,Male,10.16.163.43
232,Alli,Godmar,agodmar6f@cnbc.com,Female,194.242.183.255
233,Mordy,Teck,mteck6g@mit.edu,Male,55.234.217.223
234,Mike,Arnow,marnow6h@wsj.com,Male,152.60.154.205
235,Adrianne,O'Hederscoll,aohederscoll6i@nps.gov,Female,43.244.71.174
236,Dena,Miche,dmiche6j@t.co,Female,108.31.250.125
237,Thomasin,Gothup,tgothup6k@kickstarter.com,Female,215.97.63.191
238,Byron,Schmidt,bschmidt6l@taobao.com,Male,248.151.221.112
239,Lynnette,Gartside,lgartside6m@wikia.com,Female,165.209.241.91
240,Saree,Jedrysik,sjedrysik6n@odnoklassniki.ru,Female,196.204.100.157
241,Sonnie,Mosen,smosen6o@quantcast.com,Female,191.114.190.216
242,Hal,Gatland,hgatland6p@sohu.com,Male,235.223.48.46
243,Nilson,Habard,nhabard6q@imgur.com,Male,8.133.246.166
244,Celestina,Bortoloni,cbortoloni6r@gov.uk,Genderqueer,15.21.229.200
245,Harbert,Hebdon,hhebdon6s@lycos.com,Male,19.252.165.69
246,Nicolis,Rapinett,nrapinett6t@ocn.ne.jp,Male,93.185.149.43
247,Katerina,Tremollet,ktremollet6u@oaic.gov.au,Female,233.79.231.126
248,Forrest,Ralph,fralph6v@chronoengine.com,Male,170.181.49.90
249,Mirabel,Collihole,mcollihole6w@gizmodo.com,Female,218.36.112.36
250,Chen,Andrag,candrag6x@yelp.com,Male,250.108.206.117
251,Nedi,Roloff,nroloff6y@miitbeian.gov.cn,Female,177.15.153.177
252,Jerrold,Whaley,jwhaley6z@cbslocal.com,Male,84.59.136.180
253,Raul,Aspinell,raspinell70@example.com,Male,224.234.226.134
254,Anselma,Kohlert,akohlert71@reverbnation.com,Female,137.0.23.178
255,Thornton,Spaven,tspaven72@deliciousdays.com,Male,181.130.20.180
256,Valene,Trounce,vtrounce73@bloomberg.com,Genderqueer,106.210.143.31
257,Aigneis,Fleckno,afleckno74@apache.org,Female,106.121.213.92
258,Joyan,Mathen,jmathen75@ocn.ne.jp,Female,81.151.117.198
259,Beatrice,Shillito,bshillito76@gnu.org,Female,150.87.163.202
260,Cinnamon,Siemianowicz,csiemianowicz77@ow.ly,Female,148.177.74.169
261,Laina,Yurenin,lyurenin78@shutterfly.com,Female,173.68.165.142
262,Kara,Blonfield,kblonfield79@msu.edu,Female,141.111.242.43
263,Tucky,Roseborough,troseborough7a@yahoo.co.jp,Male,201.179.45.223
264,Darcie,Sneller,dsneller7b@gmpg.org,Female,65.198.34.42
265,Clair,Pelling,cpelling7c@stanford.edu,Female,32.139.170.21
266,Marlane,Nugent,mnugent7d@techcrunch.com,Female,23.172.231.4
267,Sallyanne,Borgars,sborgars7e@facebook.com,Female,11.120.64.144
268,Miner,Jurgen,mjurgen7f@jiathis.com,Male,155.174.225.234
269,Terrill,Cufley,tcufley7g@example.com,Male,155.104.112.109
270,Derril,Ondricek,dondricek7h@imgur.com,Male,86.14.168.219
271,Saloma,Lockyear,slockyear7i@delicious.com,Female,114.25.230.81
272,Ware,Lappin,wlappin7j@reference.com,Male,24.196.78.123
273,Axe,Tapin,atapin7k@ihg.com,Male,20.245.59.243
274,Sampson,Rebert,srebert7l@dell.com,Male,151.83.153.212
275,Cate,Keelin,ckeelin7m@trellian.com,Female,108.81.18.60
276,Jonas,Spreull,jspreull7n@scribd.com,Male,103.244.141.146
277,Ferris,Pauley,fpauley7o@digg.com,Male,154.213.23.99
278,Aida,Chowne,achowne7p@techcrunch.com,Female,179.233.75.65
279,Timi,Olrenshaw,tolrenshaw7q@china.com.cn,Female,188.104.96.46
280,Judd,Bulteel,jbulteel7r@guardian.co.uk,Male,5.207.159.178
281,Thebault,McMarquis,tmcmarquis7s@delicious.com,Bigender,245.132.48.45
282,Inna,Basterfield,ibasterfield7t@bloglovin.com,Female,59.86.3.73
283,Ira,Sudran,isudran7u@phoca.cz,Male,160.196.59.128
284,Breena,Spoors,bspoors7v@pbs.org,Female,188.117.121.47
285,Bendicty,Tordiffe,btordiffe7w@drupal.org,Male,105.231.73.133
286,Burke,Varnals,bvarnals7x@usa.gov,Male,56.83.49.150
287,Riobard,Ommundsen,rommundsen7y@soup.io,Male,36.45.244.20
288,Cordie,De Robertis,cderobertis7z@phpbb.com,Female,124.164.209.110
289,Karel,Wannell,kwannell80@over-blog.com,Female,244.154.147.11
290,Merlina,Westhead,mwesthead81@vinaora.com,Female,228.90.96.35
291,Lizette,Oke,loke82@boston.com,Female,106.13.195.2
292,Phaidra,Dresse,pdresse83@jiathis.com,Polygender,98.240.22.250
293,Lamond,Fippe,lfippe84@delicious.com,Male,143.108.98.25
294,Ara,Perrington,aperrington85@skype.com,Male,142.39.193.125
295,Pearl,Lowey,plowey86@fda.gov,Female,79.204.132.249
296,Worthington,MattiCCI,wmatticci87@illinois.edu,Male,176.226.45.135
297,Evie,Scrowton,escrowton88@imgur.com,Female,162.124.175.21
298,Martino,Bryns,mbryns89@exblog.jp,Male,95.110.186.111
299,Michaela,Fellow,mfellow8a@toplist.cz,Female,179.102.113.77
300,Franklyn,Hickisson,fhickisson8b@mayoclinic.com,Male,239.196.158.98
301,Sigfried,Belverstone,sbelverstone8c@ehow.com,Male,52.97.120.88
302,Mozes,Habbal,mhabbal8d@mac.com,Male,191.155.92.203
303,Nikolaus,Royston,nroyston8e@mac.com,Male,53.34.227.157
304,Byrom,McKerley,bmckerley8f@wikimedia.org,Male,124.165.46.219
305,Evelin,Lavigne,elavigne8g@google.nl,Genderfluid,201.255.123.94
306,Gill,Charteris,gcharteris8h@dailymotion.com,Female,113.96.98.54
307,Clark,Pavett,cpavett8i@google.de,Male,134.114.45.167
308,Chlo,Tomkin,ctomkin8j@ed.gov,Female,1.1.77.139
309,Pris,Fronsek,pfronsek8k@time.com,Female,212.121.25.222
310,Luciana,Corbert,lcorbert8l@comcast.net,Female,105.136.184.217
311,Wilhelm,Mapstone,wmapstone8m@fastcompany.com,Male,31.47.44.114
312,Moritz,Newvill,mnewvill8n@friendfeed.com,Male,213.250.140.249
313,Earlie,Dale,edale8o@xinhuanet.com,Bigender,91.226.198.79
314,Bibi,Skurm,bskurm8p@fotki.com,Female,32.154.131.29
315,Dean,Anyene,danyene8q@php.net,Male,35.138.78.177
316,Mirilla,Hounsom,mhounsom8r@flickr.com,Female,221.4.248.103
317,Mair,Harder,mharder8s@fotki.com,Female,124.240.62.106
318,Mireielle,McElrath,mmcelrath8t@craigslist.org,Female,45.198.148.189
319,Martelle,Salvador,msalvador8u@macromedia.com,Non-binary,108.110.37.213
320,Roxanne,Jarry,rjarry8v@google.de,Female,120.88.21.114
321,Dinny,Mulhall,dmulhall8w@jiathis.com,Female,138.165.20.122
322,Florry,Eagles,feagles8x@foxnews.com,Female,225.54.209.63
323,Mirella,Cahey,mcahey8y@google.com.au,Female,107.97.51.245
324,Pattie,Yeats,pyeats8z@desdev.cn,Genderqueer,187.12.20.47
325,Yorker,Elner,yelner90@ycombinator.com,Male,47.0.209.220
326,Sarene,Ghilks,sghilks91@wikia.com,Female,63.114.236.137
327,Barrie,Dodwell,bdodwell92@hostgator.com,Female,233.65.189.132
328,Lucy,Butting,lbutting93@parallels.com,Female,40.205.254.103
329,Giovanni,Cable,gcable94@dell.com,Male,159.48.113.247
330,Washington,Avrashin,wavrashin95@npr.org,Male,135.70.200.83
331,Clarence,Vidyapin,cvidyapin96@cbc.ca,Male,209.67.10.255
332,Milo,Ovitz,movitz97@uiuc.edu,Male,108.80.0.80
333,Delcina,Ingon,dingon98@telegraph.co.uk,Female,143.127.233.79
334,Parry,Butterwick,pbutterwick99@typepad.com,Male,138.176.32.45
335,Justino,Nugent,jnugent9a@shinystat.com,Agender,252.125.96.62
336,Tymon,Johnigan,tjohnigan9b@artisteer.com,Male,208.173.55.178
337,Federico,Cowterd,fcowterd9c@google.it,Male,195.197.107.30
338,Prudy,Boole,pboole9d@devhub.com,Female,30.68.126.107
339,Jenny,Braban,jbraban9e@ed.gov,Female,36.192.153.188
340,Bartlet,Blanning,bblanning9f@miibeian.gov.cn,Male,232.37.191.227
341,Winifred,Ivantsov,wivantsov9g@storify.com,Female,164.195.241.1
342,Charis,Vinall,cvinall9h@npr.org,Female,8.220.129.48
343,Jessa,Daldry,jdaldry9i@squidoo.com,Female,108.205.42.188
344,Abagael,Pilbury,apilbury9j@amazon.co.uk,Female,84.60.60.198
345,Milly,Marc,mmarc9k@umn.edu,Female,198.177.77.255
346,Lonnard,Teodori,lteodori9l@example.com,Male,147.232.221.233
347,Roderich,Sentinella,rsentinella9m@hexun.com,Male,153.251.157.171
348,Wash,Nuccii,wnuccii9n@springer.com,Male,177.120.253.187
349,Ichabod,VanBrugh,ivanbrugh9o@theatlantic.com,Male,148.3.126.78
350,Cordey,Melonby,cmelonby9p@nba.com,Polygender,243.84.227.16
351,Arlyn,Draper,adraper9q@cam.ac.uk,Female,201.245.243.203
352,Miof mela,Guitel,mguitel9r@google.com.br,Female,167.246.187.111
353,Staffard,Esson,sesson9s@whitehouse.gov,Male,237.243.254.125
354,Claire,Hastler,chastler9t@mayoclinic.com,Female,48.204.61.238
355,Nanni,Nickless,nnickless9u@hp.com,Female,224.18.128.250
356,Emmott,Cammidge,ecammidge9v@sciencedirect.com,Male,73.191.21.190
357,Bogart,MacKartan,bmackartan9w@google.pl,Male,234.126.245.236
358,Paige,Sugge,psugge9x@google.es,Male,135.25.114.72
359,Barth,Fairhall,bfairhall9y@fc2.com,Male,86.189.190.248
360,Susan,Bodle,sbodle9z@irs.gov,Female,237.43.26.57
361,Elissa,Craster,ecrastera0@baidu.com,Non-binary,88.229.87.165
362,Roxanna,Manwell,rmanwella1@tumblr.com,Female,16.199.92.42
363,Giacopo,Cromwell,gcromwella2@sakura.ne.jp,Male,152.16.55.189
364,Kelci,Bastistini,kbastistinia3@yahoo.co.jp,Female,238.120.117.199
365,Greg,Wymer,gwymera4@cargocollective.com,Male,63.212.245.6
366,Jerry,Ilden,jildena5@sakura.ne.jp,Male,24.72.186.160
367,Jesse,Diggell,jdiggella6@google.fr,Genderqueer,128.210.216.121
368,Saunders,Boother,sboothera7@unblog.fr,Male,65.160.139.244
369,Joshia,Harewood,jharewooda8@intel.com,Male,48.183.216.80
370,Kip,Dufaur,kdufaura9@aol.com,Male,28.174.138.122
371,Berkley,Noades,bnoadesaa@buzzfeed.com,Male,71.44.126.223
372,Angeline,Curneen,acurneenab@disqus.com,Female,11.186.70.13
373,Siward,Isitt,sisittac@ustream.tv,Male,42.8.240.185
374,Gilbertine,Fetteplace,gfetteplacead@plala.or.jp,Female,43.141.93.6
375,Nerta,Conway,nconwayae@barnesandnoble.com,Female,106.78.14.204
376,Dev,Cubley,dcubleyaf@weebly.com,Male,67.152.143.232
377,Zoe,Guerrero,zguerreroag@howstuffworks.com,Female,112.220.158.172
378,Duane,Symson,dsymsonah@wix.com,Agender,255.196.56.105
379,Marji,Bracegirdle,mbracegirdleai@multiply.com,Female,11.14.124.12
380,Abbe,Ragborne,aragborneaj@lulu.com,Male,192.97.31.23
381,Fawn,O'Haire,fohaireak@cisco.com,Female,85.88.178.190
382,Sharl,Hradsky,shradskyal@zdnet.com,Female,177.83.113.208
383,Cami,Halburton,chalburtonam@apple.com,Female,142.106.157.5
384,Gates,Melbourne,gmelbournean@com.com,Female,174.147.145.87
385,Lois,Welham,lwelhamao@japanpost.jp,Female,2.184.138.102
386,Vera,Breazeall,vbreazeallap@ovh.net,Female,91.155.11.103
387,Trev,Dagworthy,tdagworthyaq@canalblog.com,Male,163.146.6.126
388,Verina,Cosins,vcosinsar@fc2.com,Non-binary,97.116.124.120
389,Corrina,Lusgdin,clusgdinas@hud.gov,Female,226.35.47.35
390,Zared,Eusden,zeusdenat@ucoz.ru,Male,185.95.114.63
391,Lucky,Brittain,lbrittainau@elegantthemes.com,Female,244.147.255.65
392,Laura,Fannin,lfanninav@indiatimes.com,Female,64.83.250.107
393,Craggy,Best,cbestaw@amazonaws.com,Male,15.145.217.127
394,Culver,Road,croadax@ow.ly,Male,97.87.34.75
395,Helli,Cusick,hcusickay@360.cn,Female,76.31.14.119
396,Allissa,Gadman,agadmanaz@java.com,Female,16.99.171.125
397,Bob,Halsall,bhalsallb0@toplist.cz,Male,166.101.202.158
398,Eward,Pideon,epideonb1@godaddy.com,Male,182.89.68.89
399,Korey,Rasper,krasperb2@dion.ne.jp,Male,250.186.45.54
400,Fredric,Tremayne,ftremayneb3@sohu.com,Male,183.21.192.31
401,Saxon,Piddick,spiddickb4@php.net,Male,229.45.232.150
402,Merralee,Hewson,mhewsonb5@boston.com,Female,204.187.72.126
403,Beau,Mulford,bmulfordb6@timesonline.co.uk,Male,235.61.67.73
404,Junette,Berthot,jberthotb7@newsvine.com,Female,211.13.200.175
405,Tallia,Jex,tjexb8@moonfruit.com,Female,12.91.237.47
406,Rickard,Galway,rgalwayb9@fema.gov,Male,244.201.128.225
407,Hermie,Wickendon,hwickendonba@amazon.co.jp,Male,103.143.139.240
408,Alexi,Morad,amoradbb@mashable.com,Female,122.239.8.50
409,Inesita,Sisselot,isisselotbc@scientificamerican.com,Female,233.243.247.188
410,Andonis,Halversen,ahalversenbd@cafepress.com,Male,215.48.59.87
411,Nissa,Drohane,ndrohanebe@behance.net,Female,23.169.144.88
412,Lesya,Pedwell,lpedwellbf@g.co,Female,171.147.112.107
413,Egan,Feedome,efeedomebg@army.mil,Male,174.21.241.219
414,Hasty,Nannetti,hnannettibh@alexa.com,Male,174.197.91.126
415,Stesha,Rubrow,srubrowbi@dell.com,Female,185.208.174.110
416,Alisa,Christauffour,achristauffourbj@meetup.com,Bigender,54.86.123.233
417,Leola,Cianni,lciannibk@discuz.net,Female,136.207.83.66
418,Isadora,Kobpac,ikobpacbl@studiopress.com,Female,112.179.225.210
419,Nikolia,Sidnell,nsidnellbm@google.cn,Female,9.34.12.33
420,Jillana,Hanks,jhanksbn@acquirethisname.com,Female,89.4.221.31
421,Isak,Ervin,iervinbo@psu.edu,Male,194.250.221.160
422,Hillel,Croyser,hcroyserbp@booking.com,Male,236.91.153.22
423,Alisha,Aimson,aaimsonbq@msn.com,Female,172.192.248.92
424,Ruthie,Voyce,rvoycebr@edublogs.org,Female,72.20.11.140
425,Jana,Roskell,jroskellbs@phoca.cz,Female,4.154.68.1
426,Callean,Measures,cmeasuresbt@addtoany.com,Male,239.247.139.228
427,Hasheem,Burrells,hburrellsbu@google.co.jp,Bigender,164.119.103.26
428,Jeanie,Harbertson,jharbertsonbv@answers.com,Female,32.14.159.228
429,Parsifal,Ponceford,pponcefordbw@scribd.com,Male,189.209.217.31
430,Angel,Tuiller,atuillerbx@techcrunch.com,Male,30.246.151.182
431,Gregor,Gingedale,ggingedaleby@cornell.edu,Male,252.90.218.250
432,Faye,Jerrand,fjerrandbz@vimeo.com,Female,107.97.27.221
433,Mohandas,Story,mstoryc0@gnu.org,Male,158.171.192.4
434,Dario,Mila,dmilac1@theglobeandmail.com,Male,130.102.42.70
435,Kalvin,Picott,kpicottc2@sourceforge.net,Male,175.201.77.238
436,Colleen,Wensley,cwensleyc3@businessweek.com,Female,120.19.11.132
437,Elissa,Pennacci,epennaccic4@prnewswire.com,Female,138.162.226.135
438,Joelle,Starmore,jstarmorec5@howstuffworks.com,Female,183.164.90.73
439,Vinnie,Dohmann,vdohmannc6@squidoo.com,Female,92.109.119.205
440,Cassandry,MacCook,cmaccookc7@ask.com,Female,198.4.6.71
441,Andromache,Rogez,arogezc8@oaic.gov.au,Female,11.220.203.168
442,Trever,Alphege,talphegec9@oracle.com,Male,122.193.148.27
443,Leesa,Pappi,lpappica@scribd.com,Female,115.99.69.147
444,Cathlene,Apedaile,capedailecb@blogtalkradio.com,Female,151.11.149.101
445,Gipsy,Orleton,gorletoncc@icq.com,Female,201.127.50.45
446,Tarra,Barlthrop,tbarlthropcd@google.it,Bigender,179.184.207.27
447,Ermina,Grealish,egrealishce@xinhuanet.com,Female,209.184.109.71
448,Yvonne,Kimber,ykimbercf@hc360.com,Female,19.20.63.222
449,Erny,Eary,eearycg@shinystat.com,Male,94.210.105.248
450,Aymer,Deathridge,adeathridgech@usnews.com,Male,58.96.179.130
451,Mirna,Turn,mturnci@marriott.com,Female,113.70.124.108
452,Kliment,Stockney,kstockneycj@dagondesign.com,Male,16.149.79.102
453,Edeline,Louis,elouisck@quantcast.com,Female,220.219.6.113
454,Joaquin,Rudland,jrudlandcl@fc2.com,Male,122.6.178.64
455,Tabby,Lias,tliascm@sourceforge.net,Female,252.103.132.110
456,Ashil,O'Deegan,aodeegancn@hibu.com,Female,86.172.68.226
457,Gerardo,Boustead,gbousteadco@imageshack.us,Male,81.86.83.96
458,Bronny,Becerro,bbecerrocp@examiner.com,Male,187.14.64.233
459,Erskine,Comiam,ecomiamcq@auda.org.au,Male,139.2.53.212
460,Kris,Poundford,kpoundfordcr@chicagotribune.com,Male,122.77.196.63
461,Mureil,Haselhurst,mhaselhurstcs@taobao.com,Female,61.194.228.39
462,Anatola,Grishanin,agrishaninct@gravatar.com,Female,53.107.95.254
463,Linell,Berka,lberkacu@mozilla.com,Female,58.114.82.223
464,Pammy,Semechik,psemechikcv@google.cn,Female,172.83.55.33
465,Brannon,Minihan,bminihancw@goo.gl,Male,142.254.46.244
466,Crawford,Tremmil,ctremmilcx@army.mil,Male,58.46.122.204
467,Ronda,Tacon,rtaconcy@pinterest.com,Female,165.180.2.164
468,Germain,Briar,gbriarcz@ehow.com,Male,5.121.219.35
469,Land,Roblett,lroblettd0@usgs.gov,Male,85.126.26.205
470,Ginger,Dikes,gdikesd1@boston.com,Male,24.184.124.157
471,Kassi,Klammt,kklammtd2@google.com.br,Female,242.47.78.120
472,Desi,Hugland,dhuglandd3@cbsnews.com,Male,168.60.232.231
473,Osmund,Klass,oklassd4@1und1.de,Male,137.34.168.101
474,Fonzie,Crumley,fcrumleyd5@cargocollective.com,Male,216.15.84.145
475,Maribeth,Strattan,mstrattand6@reuters.com,Agender,97.204.61.120
476,Karlis,Mulqueen,kmulqueend7@linkedin.com,Male,175.50.233.144
477,Reine,McCluney,rmccluneyd8@desdev.cn,Female,92.206.89.149
478,Sib,Mant,smantd9@uol.com.br,Female,47.180.99.195
479,Debera,Adame,dadameda@facebook.com,Female,166.255.24.174
480,Hilliard,Barrott,hbarrottdb@icq.com,Male,237.240.236.75
481,Tana,McInulty,tmcinultydc@webnode.com,Female,235.84.48.145
482,Gordy,Ida,gidadd@mlb.com,Male,17.79.247.186
483,Tony,Yarrall,tyarrallde@timesonline.co.uk,Female,205.31.60.240
484,Sully,Warret,swarretdf@google.it,Polygender,161.91.3.182
485,Martin,Beat,mbeatdg@sakura.ne.jp,Male,239.28.41.179
486,Jerry,Gumary,jgumarydh@sciencedaily.com,Male,14.188.169.75
487,Nathanil,Slides,nslidesdi@twitter.com,Male,188.17.66.52
488,Betteann,Laise,blaisedj@wikimedia.org,Female,104.204.222.7
489,Corey,Leivers,cleiversdk@upenn.edu,Male,100.126.42.178
490,Rollie,Tiller,rtillerdl@narod.ru,Male,209.123.51.253
491,Clayborn,Jefferies,cjefferiesdm@parallels.com,Agender,250.206.172.203
492,Mickey,Ladon,mladondn@accuweather.com,Non-binary,176.185.49.217
493,Ellary,Preston,eprestondo@hp.com,Male,158.197.111.116
494,Jason,Taber,jtaberdp@nps.gov,Male,53.82.172.59
495,Yule,Franzel,yfranzeldq@gizmodo.com,Male,211.12.154.194
496,El,Tiron,etirondr@pbs.org,Male,60.204.208.63
497,Kristian,Skells,kskellsds@ocn.ne.jp,Genderqueer,0.57.58.144
498,Jammie,Cornes,jcornesdt@webeden.co.uk,Genderfluid,76.81.194.34
499,Wesley,Raspel,wraspeldu@oakley.com,Male,134.97.57.178
500,Xenos,Fargher,xfargherdv@rambler.ru,Non-binary,115.231.112.88
501,Mollee,Sims,msimsdw@dion.ne.jp,Female,49.35.188.194
502,Layney,Strathe,lstrathedx@t-online.de,Female,241.215.228.207
503,Rhianon,Domesday,rdomesdaydy@spiegel.de,Female,213.126.145.197
504,Lazarus,Goodyer,lgoodyerdz@princeton.edu,Male,0.139.235.69
505,Alexio,Wrotchford,awrotchforde0@youtu.be,Male,146.235.174.90
506,Aggy,Androlli,aandrollie1@arstechnica.com,Female,107.20.185.139
507,Mable,Houlton,mhoultone2@java.com,Female,10.193.133.119
508,Shauna,Jaulme,sjaulmee3@infoseek.co.jp,Female,67.89.184.98
509,Hermine,Garrow,hgarrowe4@nymag.com,Female,113.23.133.74
510,Jedd,Bilyard,jbilyarde5@wikispaces.com,Male,56.95.178.29
511,Mathew,Capitano,mcapitanoe6@about.me,Male,221.252.47.52
512,Boris,Goulbourn,bgoulbourne7@microsoft.com,Male,143.81.26.192
513,Rois,Drinkale,rdrinkalee8@squarespace.com,Female,50.107.16.145
514,Dmitri,Brayfield,dbrayfielde9@nih.gov,Male,153.10.133.55
515,Gray,Cobley,gcobleyea@woothemes.com,Male,75.176.13.237
516,Morgun,Lamden,mlamdeneb@unblog.fr,Male,86.99.249.171
517,Dottie,Metson,dmetsonec@google.nl,Female,185.59.241.165
518,Idaline,Dunsleve,idunsleveed@rediff.com,Female,170.243.244.215
519,Earvin,Mangeon,emangeonee@ox.ac.uk,Male,115.96.213.252
520,Aubert,Clutterbuck,aclutterbuckef@edublogs.org,Male,78.214.59.62
521,Sumner,Middlehurst,smiddlehursteg@blinklist.com,Male,148.236.82.89
522,Geri,Lawling,glawlingeh@independent.co.uk,Male,196.26.232.204
523,Maurits,Stratley,mstratleyei@comcast.net,Male,239.187.21.230
524,Corenda,Real,crealej@japanpost.jp,Female,204.103.199.169
525,Betteanne,Drury,bdruryek@utexas.edu,Female,119.214.253.244
526,Katherine,Merkel,kmerkelel@salon.com,Female,110.82.175.207
527,Hildagard,Merkel,hmerkelem@shareasale.com,Female,48.139.117.243
528,Carey,Roly,crolyen@vimeo.com,Male,211.120.102.45
529,Dino,Filchakov,dfilchakoveo@japanpost.jp,Male,0.106.181.96
530,Nelly,Giovanni,ngiovanniep@nationalgeographic.com,Female,226.143.189.218
531,Jedidiah,Treversh,jtreversheq@oracle.com,Male,86.237.26.169
532,Rivy,Braidon,rbraidoner@tumblr.com,Female,149.86.154.21
533,Torrance,Abramovitz,tabramovitzes@seesaa.net,Male,155.78.133.123
534,Tallie,MacSween,tmacsweenet@simplemachines.org,Female,44.14.50.15
535,Tina,Axelbey,taxelbeyeu@weather.com,Female,254.137.77.157
536,Ginevra,Dougan,gdouganev@hubpages.com,Female,72.217.194.215
537,Addy,Garnsey,agarnseyew@constantcontact.com,Female,157.75.150.102
538,Sal,Abbatucci,sabbatucciex@answers.com,Female,206.52.142.46
539,Kassey,McNalley,kmcnalleyey@surveymonkey.com,Female,4.7.147.211
540,Cristie,Grundon,cgrundonez@list-manage.com,Female,141.155.69.209
541,Loise,Morville,lmorvillef0@princeton.edu,Female,249.141.94.143
542,Nataniel,Eatock,neatockf1@bravesites.com,Male,96.183.103.186
543,Richie,Vicioso,rviciosof2@cloudflare.com,Male,87.110.206.135
544,Thaddeus,Sallowaye,tsallowayef3@e-recht24.de,Male,120.31.51.86
545,Bartlett,Nye,bnyef4@elpais.com,Male,154.113.98.7
546,Waiter,Bucksey,wbuckseyf5@youtube.com,Male,251.209.19.254
547,Christan,Arondel,carondelf6@who.int,Female,83.28.142.181
548,Cece,Greenman,cgreenmanf7@simplemachines.org,Male,84.238.123.245
549,Ross,Jakes,rjakesf8@about.me,Male,187.128.155.118
550,Laina,McKendry,lmckendryf9@nsw.gov.au,Female,45.16.19.217
551,Cornela,Crutchley,ccrutchleyfa@epa.gov,Female,227.121.93.176
552,Bailie,Merryweather,bmerryweatherfb@miibeian.gov.cn,Male,156.228.120.144
553,Tamarra,Farlam,tfarlamfc@soundcloud.com,Female,215.211.158.20
554,Henrik,Jansey,hjanseyfd@shutterfly.com,Male,94.125.69.174
555,Newton,Gyse,ngysefe@amazon.com,Bigender,85.35.168.116
556,Hannie,Forman,hformanff@businesswire.com,Female,143.253.229.209
557,Blakeley,Ritchard,britchardfg@google.co.uk,Female,195.103.233.108
558,Lucien,Leythley,lleythleyfh@eepurl.com,Male,114.61.171.20
559,Errol,Calfe,ecalfefi@mozilla.com,Male,61.8.20.224
560,Craggy,Sterte,cstertefj@discovery.com,Male,63.226.106.76
561,Gwenneth,Rains,grainsfk@arizona.edu,Bigender,26.2.149.111
562,Matthus,Langstrath,mlangstrathfl@tiny.cc,Genderfluid,159.61.95.195
563,Farlay,Copcote,fcopcotefm@chicagotribune.com,Male,33.143.99.185
564,Pavlov,Garnsworth,pgarnsworthfn@example.com,Male,169.10.239.199
565,Roberto,Pitchford,rpitchfordfo@acquirethisname.com,Male,4.237.196.255
566,Chrotoem,Hickin,chickinfp@tinypic.com,Male,235.202.240.106
567,Joshua,Russell,jrussellfq@youku.com,Male,80.134.171.10
568,Tessa,Dillingham,tdillinghamfr@hc360.com,Female,189.253.141.60
569,Lily,Berford,lberfordfs@jiathis.com,Female,105.2.103.110
570,Tiffy,Brooker,tbrookerft@apple.com,Female,129.81.254.168
571,Curr,Mepham,cmephamfu@loc.gov,Male,205.175.155.83
572,Frannie,Capstack,fcapstackfv@blogspot.com,Male,218.33.31.194
573,Jed,Fossick,jfossickfw@stumbleupon.com,Male,25.4.38.69
574,Garland,Kenrick,gkenrickfx@engadget.com,Female,129.50.24.36
575,Lambert,Hourihane,lhourihanefy@mapquest.com,Male,238.28.84.30
576,Aloysia,Erie,aeriefz@bravesites.com,Female,64.12.139.186
577,Lexis,Jellett,ljellettg0@cyberchimps.com,Female,35.67.70.226
578,Leonelle,Sargood,lsargoodg1@google.com.hk,Female,190.57.104.31
579,Dorian,Coffelt,dcoffeltg2@blog.com,Agender,119.226.154.89
580,Martino,Band,mbandg3@state.gov,Male,196.167.218.161
581,Dagny,Jakolevitch,djakolevitchg4@gmpg.org,Male,190.163.239.75
582,Quint,Sivil,qsivilg5@clickbank.net,Male,108.226.202.88
583,Norine,Cattel,ncattelg6@123-reg.co.uk,Female,135.222.1.60
584,Baily,Troni,btronig7@mail.ru,Non-binary,123.243.122.114
585,Tuesday,Pacher,tpacherg8@apple.com,Female,228.69.239.189
586,Stanton,McDirmid,smcdirmidg9@eventbrite.com,Male,37.200.105.90
587,Abram,Twyning,atwyningga@youtube.com,Male,92.194.95.250
588,Becka,Lavigne,blavignegb@reverbnation.com,Female,153.140.59.31
589,Cassius,Prior,cpriorgc@ustream.tv,Non-binary,211.59.84.247
590,Vaughan,Carnoghan,vcarnoghangd@bizjournals.com,Bigender,139.128.56.195
591,Rafaellle,Gaukrodge,rgaukrodgege@usnews.com,Male,193.207.141.198
592,Vinita,Abrashkin,vabrashkingf@myspace.com,Female,62.33.186.152
593,Latrena,Sheach,lsheachgg@ca.gov,Female,109.192.78.243
594,Vera,Dugdale,vdugdalegh@telegraph.co.uk,Female,73.203.7.136
595,Ase,Francescoccio,afrancescocciogi@facebook.com,Bigender,78.135.126.5
596,Lonna,MacUchadair,lmacuchadairgj@mtv.com,Female,99.10.146.118
597,Annabella,Rettie,arettiegk@nhs.uk,Female,35.254.204.88
598,Patton,Chitter,pchittergl@about.com,Male,210.190.164.85
599,Jacob,Dover,jdovergm@drupal.org,Male,124.255.99.216
600,Ivory,Bransby,ibransbygn@unblog.fr,Genderfluid,8.130.111.122
601,Marget,Caras,mcarasgo@oaic.gov.au,Bigender,206.199.173.254
602,Juliette,Scirman,jscirmangp@craigslist.org,Female,230.176.104.135
603,Lucais,Lakenden,llakendengq@youtube.com,Male,31.50.113.174
604,Roda,Kellet,rkelletgr@posterous.com,Female,139.251.134.34
605,Desmund,Dumper,ddumpergs@springer.com,Male,17.58.164.162
606,Lincoln,Ormond,lormondgt@histats.com,Male,131.57.135.82
607,Smitty,Dowdall,sdowdallgu@edublogs.org,Male,157.194.68.37
608,Mitzi,Frizzell,mfrizzellgv@godaddy.com,Female,175.154.35.11
609,Kaylyn,Rawlings,krawlingsgw@wikipedia.org,Female,202.225.7.4
610,Herve,Canada,hcanadagx@tripadvisor.com,Male,189.220.194.192
611,Denyse,O'Hollegan,dohollegangy@hubpages.com,Female,156.107.82.13
612,Gaylord,Fuzzens,gfuzzensgz@prnewswire.com,Agender,182.236.11.249
613,Osbourn,Wardlaw,owardlawh0@linkedin.com,Male,109.44.131.126
614,Cornie,Henrion,chenrionh1@youtu.be,Male,127.166.40.244
615,Florian,Daubeny,fdaubenyh2@oracle.com,Male,3.147.251.212
616,Griffin,McGarrell,gmcgarrellh3@mac.com,Male,171.70.88.128
617,Gusella,Toovey,gtooveyh4@multiply.com,Female,202.194.240.172
618,Gino,Kytter,gkytterh5@vistaprint.com,Male,251.136.114.181
619,Gay,Feldstein,gfeldsteinh6@goo.gl,Female,115.210.192.201
620,Marya,Rosensaft,mrosensafth7@mapquest.com,Female,178.236.5.114
621,Iolanthe,Avramovich,iavramovichh8@github.io,Female,54.33.89.80
622,Ulrica,Kobisch,ukobischh9@opensource.org,Female,20.103.189.230
623,Nataniel,Entissle,nentissleha@apache.org,Male,25.213.65.28
624,Klemens,Blampy,kblampyhb@upenn.edu,Male,20.217.170.253
625,Evvy,MacKerley,emackerleyhc@springer.com,Female,68.235.237.120
626,Gabi,Currey,gcurreyhd@businessinsider.com,Female,249.17.77.167
627,Martelle,Boliver,mboliverhe@vistaprint.com,Female,176.210.157.183
628,Carce,Lodge,clodgehf@cbc.ca,Male,67.83.171.149
629,Adela,Pentycross,apentycrosshg@domainmarket.com,Female,118.238.48.164
630,Cameron,Vondra,cvondrahh@usda.gov,Male,184.129.4.251
631,Emelia,Farlambe,efarlambehi@shutterfly.com,Female,210.206.120.55
632,Lauree,Issakov,lissakovhj@rediff.com,Female,194.71.82.121
633,Gibb,Geffe,ggeffehk@berkeley.edu,Male,54.0.125.37
634,Ame,Valintine,avalintinehl@mozilla.com,Female,109.98.82.84
635,Jacqueline,Antonescu,jantonescuhm@bizjournals.com,Female,100.80.15.226
636,Saudra,Smillie,ssmilliehn@guardian.co.uk,Female,194.128.203.4
637,Dacia,Pilipets,dpilipetsho@cbc.ca,Female,250.84.91.14
638,Neilla,Toone,ntoonehp@unblog.fr,Female,46.249.97.176
639,Nerita,Boddice,nboddicehq@mapy.cz,Female,111.219.100.206
640,Emelita,de Marco,edemarcohr@sciencedirect.com,Female,56.116.90.173
641,Debbie,Jerzak,djerzakhs@twitter.com,Female,11.79.214.94
642,Milt,Mallett,mmallettht@google.ca,Male,212.211.214.0
643,Elvis,Gudahy,egudahyhu@google.es,Male,17.94.163.251
644,Milly,Arthy,marthyhv@accuweather.com,Female,21.8.237.94
645,Jere,Guerreiro,jguerreirohw@gnu.org,Female,46.227.97.241
646,Ezmeralda,Hoston,ehostonhx@studiopress.com,Female,213.101.5.16
647,Petronella,Dobrowolny,pdobrowolnyhy@slate.com,Female,123.55.10.88
648,Linette,Sammars,lsammarshz@hao123.com,Female,221.12.22.132
649,Neddy,Lillicrop,nlillicropi0@indiegogo.com,Agender,88.15.156.18
650,Estell,Leveritt,eleveritti1@tumblr.com,Female,58.20.171.82
651,Aeriela,Risman,arismani2@redcross.org,Female,187.137.33.235
652,Jami,Westgate,jwestgatei3@netscape.com,Female,56.170.186.98
653,Basile,Carthy,bcarthyi4@wikia.com,Male,136.107.160.82
654,Gerri,Dulwitch,gdulwitchi5@go.com,Female,164.211.210.65
655,Vance,Tampion,vtampioni6@mediafire.com,Male,170.247.84.11
656,Rockie,Birden,rbirdeni7@dagondesign.com,Non-binary,156.237.199.118
657,Dexter,Soldi,dsoldii8@typepad.com,Male,169.191.121.231
658,Andy,Gostyke,agostykei9@barnesandnoble.com,Male,57.61.140.206
659,Melisa,Dmisek,mdmisekia@miibeian.gov.cn,Female,58.70.99.175
660,Valdemar,Tookey,vtookeyib@who.int,Male,107.126.213.18
661,Wilbur,Brendel,wbrendelic@dailymotion.com,Male,3.152.217.241
662,Kyrstin,Kinlock,kkinlockid@list-manage.com,Female,255.220.210.238
663,Augustin,Kinneally,akinneallyie@uiuc.edu,Male,254.114.199.252
664,Humfrey,Addinall,haddinallif@e-recht24.de,Male,82.37.84.144
665,Mayer,Jaskiewicz,mjaskiewiczig@diigo.com,Male,77.59.52.47
666,Erik,Rosenbush,erosenbushih@usnews.com,Male,122.124.35.253
667,Alisha,Starford,astarfordii@macromedia.com,Female,217.244.29.83
668,Claudius,Britcher,cbritcherij@businessweek.com,Male,140.73.23.76
669,Corie,Sprosson,csprossonik@usda.gov,Female,24.188.228.121
670,Madonna,Wenn,mwennil@nbcnews.com,Polygender,28.32.248.251
671,Polly,Niese,pnieseim@mozilla.com,Female,44.13.28.108
672,Rosabelle,Corballis,rcorballisin@tuttocitta.it,Polygender,107.122.139.217
673,Katey,Instock,kinstockio@forbes.com,Female,10.37.119.208
674,Annabella,O'Scanlon,aoscanlonip@opera.com,Bigender,211.177.114.201
675,Florian,Kelledy,fkelledyiq@pcworld.com,Male,191.35.158.61
676,Dominique,Kybird,dkybirdir@livejournal.com,Female,196.249.238.6
677,Brnaba,Peggrem,bpeggremis@biblegateway.com,Male,235.97.122.106
678,Angelina,Briscam,abriscamit@diigo.com,Female,174.251.11.64
679,Nevsa,Collicott,ncollicottiu@liveinternet.ru,Female,121.90.104.187
680,Melodie,Etridge,metridgeiv@flavors.me,Genderqueer,145.57.83.66
681,Gael,Gorch,ggorchiw@adobe.com,Female,160.189.175.25
682,Nanine,McVanamy,nmcvanamyix@army.mil,Female,70.245.208.238
683,Kendal,Espie,kespieiy@apache.org,Male,252.56.184.40
684,Neville,Karpenya,nkarpenyaiz@accuweather.com,Male,43.71.135.161
685,Care,Hearons,chearonsj0@addtoany.com,Male,189.224.157.126
686,Ranee,Marzellano,rmarzellanoj1@squidoo.com,Female,238.151.106.103
687,Lanny,Mertin,lmertinj2@bloglines.com,Male,98.191.224.190
688,Berky,Riccio,briccioj3@google.co.uk,Male,22.32.16.71
689,Aleda,Doghartie,adoghartiej4@ebay.co.uk,Female,158.16.249.35
690,Giavani,Pughe,gpughej5@list-manage.com,Male,167.139.91.71
691,Genia,Jendricke,gjendrickej6@facebook.com,Female,238.26.52.64
692,Sergio,Paramore,sparamorej7@blogtalkradio.com,Male,214.155.76.178
693,Tamqrah,Breadmore,tbreadmorej8@time.com,Female,165.157.199.220
694,Muriel,Bratley,mbratleyj9@sourceforge.net,Female,244.220.11.63
695,Zacharias,Fellini,zfellinija@1688.com,Male,72.237.56.173
696,Leonhard,Gulleford,lgullefordjb@de.vu,Male,65.213.214.71
697,Claus,McConnell,cmcconnelljc@paginegialle.it,Male,110.206.213.140
698,Carry,Proughten,cproughtenjd@hibu.com,Female,102.237.33.19
699,Hi,Farryan,hfarryanje@imdb.com,Male,150.131.192.177
700,Johnathan,Stanton,jstantonjf@abc.net.au,Male,53.234.77.222
701,Coral,Bootton,cboottonjg@123-reg.co.uk,Female,205.3.27.198
702,Essy,Songest,esongestjh@yellowbook.com,Female,40.253.160.182
703,Damiano,Cancutt,dcancuttji@usgs.gov,Male,223.236.198.70
704,Doralin,Vlasyuk,dvlasyukjj@cdc.gov,Female,67.43.86.148
705,Hilario,Puxley,hpuxleyjk@ustream.tv,Male,26.231.44.108
706,Hyatt,Byram,hbyramjl@deviantart.com,Male,187.215.100.158
707,Marcile,Glennard,mglennardjm@technorati.com,Female,123.201.19.154
708,Gardiner,Vince,gvincejn@qq.com,Male,104.215.66.40
709,Jerry,Passy,jpassyjo@nsw.gov.au,Female,206.214.184.124
710,Felicia,Borthe,fborthejp@nyu.edu,Female,12.89.198.18
711,Theadora,Dillet,tdilletjq@scientificamerican.com,Female,83.128.250.47
712,Lorry,Bowery,lboweryjr@patch.com,Male,14.81.195.1
713,Kevin,Lettington,klettingtonjs@cbc.ca,Male,3.12.190.249
714,Chad,MacDiarmid,cmacdiarmidjt@wisc.edu,Male,242.207.95.174
715,Florencia,Doxsey,fdoxseyju@amazon.com,Female,180.2.17.224
716,Jodie,Niccols,jniccolsjv@unesco.org,Female,169.69.193.230
717,Debbi,Claxson,dclaxsonjw@paginegialle.it,Female,102.163.252.87
718,Gwen,Gronno,ggronnojx@creativecommons.org,Female,88.159.223.176
719,Abbe,Hannaford,ahannafordjy@nsw.gov.au,Female,167.190.140.87
720,Beaufort,Boustead,bbousteadjz@hp.com,Male,254.192.90.204
721,Neil,Steer,nsteerk0@rakuten.co.jp,Male,63.88.8.171
722,Elbertina,Airey,eaireyk1@marriott.com,Female,51.17.8.140
723,Dorian,Pettigree,dpettigreek2@sina.com.cn,Male,193.181.255.46
724,Rheta,Sorrie,rsorriek3@pagesperso-orange.fr,Female,117.213.62.218
725,Romona,Tyson,rtysonk4@google.com.hk,Female,123.104.229.121
726,Ally,Brosnan,abrosnank5@fda.gov,Genderqueer,107.169.173.197
727,Norby,Newport,nnewportk6@youku.com,Male,204.18.99.253
728,Fayth,Martinolli,fmartinollik7@sakura.ne.jp,Female,225.199.116.49
729,Tomlin,Roycroft,troycroftk8@abc.net.au,Male,11.76.149.218
730,Creighton,Jiroutka,cjiroutkak9@nps.gov,Male,92.144.136.157
731,Arri,Trigg,atriggka@google.de,Male,81.110.40.103
732,Darin,Downes,ddowneskb@flavors.me,Male,157.241.194.239
733,Caron,Montacute,cmontacutekc@umich.edu,Female,178.92.130.236
734,Rana,Kunzel,rkunzelkd@ask.com,Female,4.192.213.190
735,Tirrell,Bengall,tbengallke@wufoo.com,Male,15.2.93.238
736,Aharon,Casemore,acasemorekf@last.fm,Male,208.239.1.173
737,Arni,Presnail,apresnailkg@ucsd.edu,Male,158.84.11.21
738,Ivie,Litster,ilitsterkh@adobe.com,Female,169.101.8.224
739,Angelico,O'Shea,aosheaki@adobe.com,Male,60.6.211.246
740,Phyllida,Wotherspoon,pwotherspoonkj@theguardian.com,Female,137.23.172.234
741,Annetta,Loxston,aloxstonkk@wsj.com,Female,97.16.62.124
742,Fawn,Putton,fputtonkl@admin.ch,Female,184.151.180.71
743,Cristine,Garard,cgarardkm@imageshack.us,Female,196.215.74.75
744,Joane,Burchett,jburchettkn@sun.com,Female,77.255.6.150
745,Maritsa,Rollason,mrollasonko@so-net.ne.jp,Female,38.243.64.204
746,Grant,Rubinsky,grubinskykp@fotki.com,Male,179.207.77.206
747,Lindie,Raffon,lraffonkq@wikia.com,Female,203.41.228.67
748,Howey,Vargas,hvargaskr@blogs.com,Male,203.185.3.18
749,Montague,Stollwerk,mstollwerkks@omniture.com,Male,209.221.55.251
750,Edgard,Wyleman,ewylemankt@epa.gov,Male,203.253.64.86
751,Abdul,Manntschke,amanntschkeku@mtv.com,Male,88.112.78.214
752,Sheff,Agron,sagronkv@ucsd.edu,Male,35.58.28.22
753,Marcellus,Javes,mjaveskw@uiuc.edu,Male,51.80.67.233
754,Calhoun,Leehane,cleehanekx@themeforest.net,Non-binary,228.163.60.47
755,Benji,Ewan,bewanky@mit.edu,Male,66.239.230.176
756,Emanuele,Bemwell,ebemwellkz@huffingtonpost.com,Male,137.167.225.209
757,Grethel,Kolyagin,gkolyaginl0@phpbb.com,Female,250.83.200.55
758,Bartram,Danter,bdanterl1@google.com.br,Male,53.31.118.247
759,Aliza,Beedom,abeedoml2@hubpages.com,Female,70.236.18.98
760,Gert,Mayzes,gmayzesl3@china.com.cn,Bigender,7.45.177.4
761,Tami,Borit,tboritl4@cloudflare.com,Female,169.44.217.210
762,Lucien,Brannon,lbrannonl5@scientificamerican.com,Non-binary,250.38.201.63
763,Britney,Timlin,btimlinl6@rakuten.co.jp,Non-binary,107.41.191.67
764,Hewitt,Wiggans,hwiggansl7@simplemachines.org,Male,11.153.59.36
765,Joeann,Glaze,jglazel8@1688.com,Female,48.205.69.98
766,Aguste,O'Kieran,aokieranl9@forbes.com,Male,141.174.151.181
767,Hiram,Ropking,hropkingla@comcast.net,Male,42.190.204.7
768,Axe,Overthrow,aoverthrowlb@cisco.com,Male,155.206.78.209
769,Tana,Pavie,tpavielc@cdc.gov,Female,233.92.180.92
770,Georgy,Priter,gpriterld@zimbio.com,Male,79.174.170.2
771,Mamie,Frowd,mfrowdle@scribd.com,Female,252.230.35.13
772,Rafaello,Pipes,rpipeslf@jigsy.com,Male,68.138.26.239
773,Grata,Brendel,gbrendellg@tuttocitta.it,Female,227.104.81.83
774,Kath,Slegg,kslegglh@webmd.com,Agender,137.45.205.51
775,Ethelda,Bruhke,ebruhkeli@fastcompany.com,Female,133.167.59.237
776,Vance,Syvret,vsyvretlj@hc360.com,Male,134.181.139.221
777,Phaidra,Gutcher,pgutcherlk@yandex.ru,Female,88.0.186.189
778,Tarrance,Weston,twestonll@yelp.com,Male,211.169.120.89
779,Ilario,Sharpe,isharpelm@wix.com,Male,219.140.131.57
780,Weber,Reisenstein,wreisensteinln@php.net,Male,27.179.35.212
781,Odie,Yansons,oyansonslo@archive.org,Male,235.93.125.166
782,Clement,Giacovetti,cgiacovettilp@fastcompany.com,Male,10.253.8.146
783,Gavan,Murdoch,gmurdochlq@sciencedaily.com,Male,201.212.176.107
784,Spense,Ashfield,sashfieldlr@ebay.co.uk,Male,253.217.26.111
785,Estrella,Gorvette,egorvettels@cpanel.net,Female,61.207.139.131
786,Iggy,Pink,ipinklt@arstechnica.com,Male,168.21.121.61
787,Morry,Durbann,mdurbannlu@miibeian.gov.cn,Male,155.191.67.173
788,Wandie,Templeman,wtemplemanlv@china.com.cn,Female,191.10.179.13
789,Chick,Serrier,cserrierlw@soundcloud.com,Male,135.252.106.205
790,Conway,Aronstein,caronsteinlx@cisco.com,Male,152.17.107.110
791,Davin,Bartholomieu,dbartholomieuly@cloudflare.com,Male,216.181.109.28
792,Demetre,Guyer,dguyerlz@webnode.com,Male,124.50.65.219
793,Eydie,Gennings,egenningsm0@spotify.com,Female,204.245.210.84
794,Nicky,Lossman,nlossmanm1@answers.com,Female,147.15.33.3
795,Harri,Cant,hcantm2@sphinn.com,Female,67.65.58.166
796,Gerry,Silcocks,gsilcocksm3@moonfruit.com,Female,110.169.238.254
797,Arvie,Capp,acappm4@icq.com,Male,242.190.171.111
798,Pren,Ivermee,pivermeem5@dyndns.org,Male,40.201.88.243
799,Jerald,Danihelka,jdanihelkam6@wikispaces.com,Agender,173.14.134.25
800,Rickard,Topling,rtoplingm7@princeton.edu,Non-binary,10.207.104.38
801,Mychal,Chauvey,mchauveym8@census.gov,Male,73.136.162.105
802,Merv,Spiller,mspillerm9@last.fm,Male,58.177.60.52
803,Rosabel,Halmkin,rhalmkinma@geocities.com,Female,15.237.105.48
804,Reggis,Job,rjobmb@ucoz.ru,Male,19.53.115.52
805,Selena,Pomery,spomerymc@un.org,Female,61.223.136.240
806,Sibley,MacMoyer,smacmoyermd@twitpic.com,Polygender,131.121.56.11
807,Gallagher,Ambrus,gambrusme@amazon.co.jp,Bigender,70.247.66.178
808,Thain,Mixter,tmixtermf@github.com,Male,229.212.24.147
809,Orin,Spenceley,ospenceleymg@biblegateway.com,Male,203.38.152.200
810,Noreen,Champneys,nchampneysmh@paginegialle.it,Female,72.51.192.97
811,Hermine,Harvard,hharvardmi@nyu.edu,Female,1.1.27.222
812,Caressa,Douty,cdoutymj@webmd.com,Female,24.106.142.95
813,Renaldo,Flynn,rflynnmk@tamu.edu,Male,123.245.160.232
814,Darrel,Armiger,darmigerml@qq.com,Male,180.129.211.27
815,Shae,Fibbings,sfibbingsmm@tinyurl.com,Female,154.174.33.88
816,Billi,McDarmid,bmcdarmidmn@skype.com,Female,224.226.69.213
817,Dre,Tussaine,dtussainemo@oaic.gov.au,Genderfluid,183.162.216.139
818,Reginald,Johnigan,rjohniganmp@tripadvisor.com,Male,148.56.240.212
819,Kahaleel,Moorfield,kmoorfieldmq@shareasale.com,Male,136.165.88.192
820,Lombard,De Castri,ldecastrimr@constantcontact.com,Male,216.1.193.51
821,Hinda,Fellgett,hfellgettms@qq.com,Genderfluid,79.51.1.42
822,Errick,Edmeads,eedmeadsmt@princeton.edu,Male,121.2.124.103
823,Cyrill,McQuode,cmcquodemu@wsj.com,Agender,66.38.90.3
824,Jaquenette,Boorer,jboorermv@mozilla.com,Female,120.155.56.238
825,Porty,Devenny,pdevennymw@yelp.com,Male,46.173.202.215
826,Sindee,Beebe,sbeebemx@ft.com,Female,117.14.111.171
827,Sharron,Plumbridge,splumbridgemy@ehow.com,Female,32.5.20.177
828,Duky,O'Spillane,dospillanemz@addthis.com,Male,110.189.59.244
829,Arnaldo,Bortoloni,abortolonin0@fotki.com,Male,201.15.148.28
830,Gallagher,Couch,gcouchn1@cpanel.net,Male,247.65.85.242
831,Zaneta,Spicer,zspicern2@1und1.de,Female,3.197.188.146
832,Vinni,Galbreth,vgalbrethn3@ca.gov,Female,155.93.159.149
833,Darla,Gibb,dgibbn4@simplemachines.org,Female,101.85.113.235
834,Mariya,Kimbell,mkimbelln5@posterous.com,Female,116.22.246.10
835,Jocko,Smithies,jsmithiesn6@nydailynews.com,Male,77.224.195.51
836,Coleen,Heims,cheimsn7@sakura.ne.jp,Female,184.46.252.220
837,Millisent,Delafoy,mdelafoyn8@cafepress.com,Female,8.182.33.69
838,Terrell,Wozencraft,twozencraftn9@nifty.com,Male,231.101.219.155
839,Kevan,Imlen,kimlenna@pagesperso-orange.fr,Male,44.144.241.155
840,Lorette,Fessions,lfessionsnb@reddit.com,Female,142.177.191.205
841,Maximilien,Deerness,mdeernessnc@163.com,Non-binary,50.176.121.82
842,Valentine,Soonhouse,vsoonhousend@51.la,Non-binary,166.166.85.121
843,Vergil,Tunnick,vtunnickne@sitemeter.com,Male,152.218.119.127
844,Giavani,Sleaford,gsleafordnf@theglobeandmail.com,Male,231.154.248.1
845,Cloris,Pendrill,cpendrillng@jimdo.com,Female,135.20.115.207
846,Marion,Davidove,mdavidovenh@desdev.cn,Male,209.89.190.178
847,Isaak,Halsall,ihalsallni@spiegel.de,Male,218.129.17.145
848,Norah,Rochford,nrochfordnj@netvibes.com,Female,238.160.71.1
849,Corie,Moakes,cmoakesnk@usa.gov,Female,191.89.120.42
850,Mikael,Bon,mbonnl@economist.com,Male,252.215.73.81
851,Cynthy,Banstead,cbansteadnm@i2i.jp,Female,249.155.205.81
852,Jonell,Broadbury,jbroadburynn@telegraph.co.uk,Female,89.84.177.231
853,Porter,Funcheon,pfuncheonno@joomla.org,Male,6.228.204.131
854,Gisella,Jarritt,gjarrittnp@hostgator.com,Female,137.249.101.135
855,Biron,Rolinson,brolinsonnq@narod.ru,Male,143.178.143.221
856,Adi,Sallier,asalliernr@angelfire.com,Female,98.84.134.116
857,Filippo,Roffe,froffens@de.vu,Male,106.186.23.150
858,Betty,Axworthy,baxworthynt@blogspot.com,Female,216.213.133.64
859,Donnell,Ingley,dingleynu@ning.com,Male,117.172.164.227
860,Dodie,Coryndon,dcoryndonnv@yandex.ru,Female,222.127.92.44
861,Arlene,Marrows,amarrowsnw@phoca.cz,Female,165.140.103.12
862,Merissa,Bernaert,mbernaertnx@yellowbook.com,Female,175.43.199.160
863,Marian,Muff,mmuffny@webmd.com,Female,249.112.65.79
864,Prescott,Say,psaynz@cpanel.net,Male,233.127.35.95
865,Cindra,Bamborough,cbamborougho0@irs.gov,Female,89.92.156.69
866,Valli,Snarr,vsnarro1@simplemachines.org,Female,12.16.19.206
867,Hewe,Bramhill,hbramhillo2@weibo.com,Male,176.37.46.130
868,Jacinta,Brigden,jbrigdeno3@cmu.edu,Female,229.113.153.250
869,Vito,De Mitri,vdemitrio4@booking.com,Male,221.209.190.10
870,Justinian,Fallawe,jfallaweo5@google.com,Agender,216.144.79.132
871,Windy,Segeswoeth,wsegeswoetho6@wunderground.com,Genderfluid,53.252.147.106
872,Dar,Titley,dtitleyo7@alexa.com,Male,149.199.132.92
873,Lesley,Gradwell,lgradwello8@jigsy.com,Male,99.75.221.237
874,Grissel,Geal,ggealo9@uiuc.edu,Female,251.5.44.183
875,Hoyt,Saynor,hsaynoroa@cbsnews.com,Male,138.196.8.122
876,Maximilian,Domenget,mdomengetob@hhs.gov,Male,213.252.102.242
877,Mira,Klagges,mklaggesoc@skyrock.com,Female,151.185.132.182
878,Ardis,Greenside,agreensideod@infoseek.co.jp,Female,103.152.164.85
879,Vitia,Davitashvili,vdavitashvilioe@istockphoto.com,Female,108.239.92.190
880,Wiatt,Lutsch,wlutschof@webnode.com,Male,73.146.41.241
881,Erin,Creeber,ecreeberog@msn.com,Male,162.34.82.228
882,Cassandry,Jaukovic,cjaukovicoh@soup.io,Female,52.217.186.29
883,Obediah,Beswick,obeswickoi@youtu.be,Genderqueer,92.225.52.175
884,Inness,O' Mara,iomaraoj@rakuten.co.jp,Genderfluid,187.253.196.79
885,Mannie,Bugge,mbuggeok@nsw.gov.au,Male,2.174.183.98
886,Dorisa,Coltherd,dcoltherdol@ucla.edu,Female,193.27.154.133
887,Henrie,Langdridge,hlangdridgeom@virginia.edu,Female,65.118.12.246
888,Bernardine,Betho,bbethoon@amazon.de,Polygender,47.123.243.68
889,Yasmin,Dybald,ydybaldoo@cnn.com,Female,20.161.87.155
890,Quent,Dunphie,qdunphieop@stumbleupon.com,Male,182.43.211.101
891,Silvanus,Dudderidge,sdudderidgeoq@csmonitor.com,Male,121.52.196.174
892,Lothario,Lange,llangeor@about.com,Genderfluid,31.61.124.174
893,Chaddy,Maren,cmarenos@nhs.uk,Male,99.125.150.217
894,Sidney,Witherby,switherbyot@shinystat.com,Male,129.136.99.39
895,Byrann,Matteau,bmatteauou@zimbio.com,Male,129.247.229.174
896,Shayne,Idale,sidaleov@slashdot.org,Female,189.222.84.58
897,Gage,Hoovart,ghoovartow@sun.com,Male,148.255.91.56
898,Beryl,Keppel,bkeppelox@feedburner.com,Female,101.155.194.7
899,Padraic,Aggott,paggottoy@cpanel.net,Male,198.120.33.158
900,Regan,Brattell,rbrattelloz@mlb.com,Female,126.153.230.33
901,Darci,Budnk,dbudnkp0@unicef.org,Female,215.230.194.246
902,Jud,Haith,jhaithp1@marketwatch.com,Male,57.252.246.120
903,Brier,Hollindale,bhollindalep2@dedecms.com,Polygender,133.186.202.172
904,Meryl,Bringloe,mbringloep3@chronoengine.com,Genderfluid,58.134.89.189
905,Annora,Vertigan,avertiganp4@huffingtonpost.com,Female,99.210.199.24
906,Bron,Huxstep,bhuxstepp5@tinypic.com,Male,120.248.206.12
907,Corrie,Pichan,cpichanp6@craigslist.org,Female,218.74.100.39
908,Wally,Edleston,wedlestonp7@irs.gov,Female,7.223.143.112
909,Agnella,Cursey,acurseyp8@webeden.co.uk,Female,107.197.187.111
910,Arlette,Duigan,aduiganp9@cam.ac.uk,Female,188.152.72.48
911,Netta,Digweed,ndigweedpa@berkeley.edu,Female,151.146.29.65
912,Sunny,Enocksson,senockssonpb@cafepress.com,Female,191.161.244.210
913,Say,Crier,scrierpc@abc.net.au,Male,108.25.114.116
914,Aharon,Gummoe,agummoepd@plala.or.jp,Male,104.202.43.58
915,Ly,Kerford,lkerfordpe@addthis.com,Male,106.84.145.141
916,Jourdan,Napleton,jnapletonpf@cocolog-nifty.com,Female,235.232.168.114
917,Marena,Sidnall,msidnallpg@angelfire.com,Female,77.142.144.189
918,Cassandry,Brantzen,cbrantzenph@weather.com,Female,212.203.121.202
919,Paulina,Ivanchenkov,pivanchenkovpi@mapquest.com,Female,188.136.196.237
920,Fee,Olfert,folfertpj@google.it,Male,218.172.222.206
921,Malorie,Maciejak,mmaciejakpk@gravatar.com,Female,189.195.80.181
922,Karna,Vasishchev,kvasishchevpl@de.vu,Bigender,35.82.169.42
923,Derby,Zorzutti,dzorzuttipm@state.gov,Polygender,172.203.26.167
924,Chico,Dunlop,cdunloppn@elpais.com,Male,129.85.119.176
925,Susie,Barltrop,sbarltroppo@yellowbook.com,Female,175.167.103.102
926,Bertram,Taw,btawpp@github.io,Genderfluid,6.177.147.181
927,Daisie,Buney,dbuneypq@hibu.com,Female,0.95.50.38
928,Liane,Pettyfar,lpettyfarpr@domainmarket.com,Genderqueer,222.124.227.106
929,Larry,Fazzioli,lfazziolips@ifeng.com,Male,5.184.215.53
930,Stillman,Deackes,sdeackespt@umich.edu,Male,195.228.58.81
931,David,Tapsell,dtapsellpu@wired.com,Genderfluid,25.178.212.100
932,Prinz,Dunford,pdunfordpv@ucsd.edu,Male,147.249.46.35
933,Rina,Abramovitz,rabramovitzpw@youtu.be,Female,62.22.13.244
934,Normie,Ladyman,nladymanpx@unesco.org,Male,165.130.40.165
935,Gerry,Akast,gakastpy@nature.com,Male,56.220.226.44
936,Sherwood,Farncombe,sfarncombepz@bigcartel.com,Male,162.63.37.212
937,Romona,Pentland,rpentlandq0@oaic.gov.au,Female,86.193.11.99
938,Forest,Readett,freadettq1@fema.gov,Male,199.59.130.18
939,Leslie,Gaylor,lgaylorq2@e-recht24.de,Female,180.35.221.76
940,Prisca,Endersby,pendersbyq3@surveymonkey.com,Female,140.47.169.195
941,Merwin,Geelan,mgeelanq4@utexas.edu,Genderfluid,81.128.115.126
942,Jodie,Josifovic,jjosifovicq5@g.co,Female,119.10.123.231
943,Margarethe,Wensley,mwensleyq6@google.pl,Female,105.159.46.253
944,Maribeth,Burchnall,mburchnallq7@bbb.org,Female,92.49.249.133
945,Ortensia,Hiddy,ohiddyq8@reference.com,Female,238.72.56.6
946,Barnaby,De Roberto,bderobertoq9@wufoo.com,Male,150.109.158.79
947,Dickie,Boakes,dboakesqa@technorati.com,Non-binary,29.88.182.188
948,Teresita,Shervil,tshervilqb@addthis.com,Female,211.238.245.213
949,Padriac,Cridland,pcridlandqc@ask.com,Male,185.174.158.85
950,Nessa,Bligh,nblighqd@indiegogo.com,Female,221.237.31.29
951,Mikael,Mathou,mmathouqe@google.ca,Non-binary,65.34.150.94
952,Ami,McInally,amcinallyqf@is.gd,Female,241.221.4.182
953,Shaw,Chatten,schattenqg@cyberchimps.com,Male,197.172.5.58
954,Nerte,Klugman,nklugmanqh@stanford.edu,Female,117.18.175.174
955,Rosamond,Meco,rmecoqi@patch.com,Female,29.199.243.222
956,Petey,Stieger,pstiegerqj@columbia.edu,Genderfluid,134.80.116.171
957,Codie,Bortolutti,cbortoluttiqk@exblog.jp,Non-binary,125.84.249.2
958,Chester,Broodes,cbroodesql@diigo.com,Male,143.157.68.224
959,Lynnette,Grishelyov,lgrishelyovqm@t-online.de,Female,25.83.152.174
960,Allard,Jope,ajopeqn@g.co,Male,185.19.99.235
961,Farlee,Robberecht,frobberechtqo@examiner.com,Male,205.80.228.202
962,Ellen,Allott,eallottqp@techcrunch.com,Female,130.120.187.3
963,Abel,De Wolfe,adewolfeqq@mac.com,Male,120.39.192.220
964,Bernadine,Flew,bflewqr@state.tx.us,Female,247.71.46.167
965,Ame,Woolgar,awoolgarqs@wp.com,Female,52.208.101.30
966,Melvyn,Gebb,mgebbqt@elegantthemes.com,Male,96.198.20.1
967,Modesty,Vasyushkhin,mvasyushkhinqu@yellowbook.com,Female,248.56.98.216
968,Donelle,Tassell,dtassellqv@bbc.co.uk,Female,185.33.25.128
969,Marne,Aggs,maggsqw@acquirethisname.com,Female,213.114.195.141
970,Eva,Slemming,eslemmingqx@pagesperso-orange.fr,Female,99.64.26.192
971,Katharine,Pegden,kpegdenqy@engadget.com,Female,65.88.99.120
972,Alastair,Demoge,ademogeqz@sina.com.cn,Male,95.103.220.127
973,Bernadina,Ludy,bludyr0@live.com,Non-binary,195.196.129.97
974,Emilio,Blumsom,eblumsomr1@lulu.com,Male,73.178.239.93
975,Joycelin,Marder,jmarderr2@bandcamp.com,Female,222.1.245.113
976,Morey,McKnish,mmcknishr3@fotki.com,Male,130.13.29.204
977,Jammal,Menichino,jmenichinor4@omniture.com,Male,236.143.41.43
978,Fancy,Camplejohn,fcamplejohnr5@usatoday.com,Agender,41.178.127.165
979,Amye,Orrett,aorrettr6@netvibes.com,Female,33.4.183.49
980,Udell,Wicher,uwicherr7@behance.net,Male,220.62.55.110
981,Andi,Drepp,adreppr8@sakura.ne.jp,Female,211.153.35.186
982,Marabel,Maudett,mmaudettr9@amazon.co.uk,Genderfluid,234.20.240.105
983,Andris,Frain,afrainra@google.pl,Male,10.99.94.16
984,Hernando,Ferguson,hfergusonrb@ft.com,Male,228.222.4.61
985,Taber,Bispham,tbisphamrc@sitemeter.com,Male,0.254.237.246
986,Kelsey,Gulley,kgulleyrd@nsw.gov.au,Female,190.26.98.207
987,Tasha,Pickthorne,tpickthornere@sfgate.com,Female,185.102.47.0
988,Noland,Kehri,nkehrirf@nih.gov,Male,64.111.146.128
989,Clair,Cash,ccashrg@comsenz.com,Polygender,151.123.168.33
990,Maggee,Yitzhakov,myitzhakovrh@amazon.co.jp,Female,222.194.218.110
991,Selma,Marston,smarstonri@msu.edu,Female,66.94.83.18
992,Vinnie,Bullers,vbullersrj@latimes.com,Male,4.0.0.65
993,Joline,Cusworth,jcusworthrk@storify.com,Female,49.235.110.41
994,Tannie,Jozwik,tjozwikrl@devhub.com,Male,241.116.184.104
995,Rex,Leeuwerink,rleeuwerinkrm@jigsy.com,Male,14.248.43.17
996,Lawry,Downton,ldowntonrn@google.ca,Male,107.144.140.60
997,Ludwig,Arger,largerro@printfriendly.com,Male,210.10.5.206
998,Barton,Laughtisse,blaughtisserp@51.la,Male,220.212.55.64
999,Leo,Kerner,lkernerrq@nymag.com,Male,162.28.104.234
1000,Appolonia,Gleaves,agleavesrr@dailymotion.com,Female,189.137.178.198
